{"cameraMode":{"drawMode":0,"name":"Shaded","section":"Shading Mode"},"sceneLighting":true,"audioPlay":false,"sceneViewState":{"m_AlwaysRefresh":false,"showFog":true,"showSkybox":true,"showFlares":true,"showImageEffects":true,"showParticleSystems":true,"showVisualEffectGraphs":true,"m_FxEnabled":true},"in2DMode":false,"pivot":{"x":1.755178451538086,"y":0.8878316879272461,"z":-11.795352935791016},"rotation":{"x":0.22419467568397523,"y":0.12386385351419449,"z":-0.028740666806697847,"w":0.9662114977836609},"size":5.803802013397217,"orthographic":false}